{
    "generated": 1391641338.0, 
    "pressure": {
        "avg": {
            "data": [
                [
                    1391558400000.0, 
                    979.083448530993
                ], 
                [
                    1391562000000.0, 
                    977.738409269689
                ], 
                [
                    1391565600000.0, 
                    976.48494363419
                ], 
                [
                    1391569200000.0, 
                    975.360803320945
                ], 
                [
                    1391572800000.0, 
                    974.573129151653
                ], 
                [
                    1391576400000.0, 
                    973.911031370225
                ], 
                [
                    1391580000000.0, 
                    973.299292520312
                ], 
                [
                    1391583600000.0, 
                    972.860576415007
                ], 
                [
                    1391587200000.0, 
                    972.325616678853
                ], 
                [
                    1391590800000.0, 
                    971.938214675001
                ], 
                [
                    1391594400000.0, 
                    971.315314255414
                ], 
                [
                    1391598000000.0, 
                    970.631343704197
                ], 
                [
                    1391601600000.0, 
                    969.784960024051
                ], 
                [
                    1391605200000.0, 
                    968.978718434692
                ], 
                [
                    1391608800000.0, 
                    968.327172483011
                ], 
                [
                    1391612400000.0, 
                    967.653979041982
                ], 
                [
                    1391616000000.0, 
                    967.315502592946
                ], 
                [
                    1391619600000.0, 
                    967.259298710164
                ], 
                [
                    1391623200000.0, 
                    967.505441746317
                ], 
                [
                    1391626800000.0, 
                    967.898273439271
                ], 
                [
                    1391630400000.0, 
                    968.488641162975
                ], 
                [
                    1391634000000.0, 
                    969.494665171243
                ], 
                [
                    1391637600000.0, 
                    970.831378865106
                ], 
                [
                    1391641200000.0, 
                    971.578344667374
                ]
            ], 
            "label": "Average"
        }, 
        "max": {
            "data": [], 
            "label": "Maximum"
        }, 
        "min": {
            "data": [], 
            "label": "Minimum"
        }, 
        "now": {
            "data": [], 
            "label": "Current"
        }
    }, 
    "rain": {
        "total": {
            "data": [
                [
                    1391558400000.0, 
                    0.20007834
                ], 
                [
                    1391562000000.0, 
                    0.0
                ], 
                [
                    1391565600000.0, 
                    0.0
                ], 
                [
                    1391569200000.0, 
                    0.0
                ], 
                [
                    1391572800000.0, 
                    0.0
                ], 
                [
                    1391576400000.0, 
                    0.0
                ], 
                [
                    1391580000000.0, 
                    0.0
                ], 
                [
                    1391583600000.0, 
                    0.0
                ], 
                [
                    1391587200000.0, 
                    0.0
                ], 
                [
                    1391590800000.0, 
                    0.0
                ], 
                [
                    1391594400000.0, 
                    0.0
                ], 
                [
                    1391598000000.0, 
                    0.0
                ], 
                [
                    1391601600000.0, 
                    0.0
                ], 
                [
                    1391605200000.0, 
                    0.0
                ], 
                [
                    1391608800000.0, 
                    0.0
                ], 
                [
                    1391612400000.0, 
                    0.0
                ], 
                [
                    1391616000000.0, 
                    0.40015668
                ], 
                [
                    1391619600000.0, 
                    0.0
                ], 
                [
                    1391623200000.0, 
                    0.0
                ], 
                [
                    1391626800000.0, 
                    0.0
                ], 
                [
                    1391630400000.0, 
                    0.0
                ], 
                [
                    1391634000000.0, 
                    0.0
                ], 
                [
                    1391637600000.0, 
                    0.20007834
                ], 
                [
                    1391641200000.0, 
                    0.0
                ]
            ], 
            "label": "Total"
        }
    },